{
  "total_patients": 2000,
  "total_injections": 32182.0,
  "mean_final_vision": 50.8735,
  "std_final_vision": 16.184698637447426,
  "discontinuation_rate": 0.299,
  "write_time_seconds": 0.22991681098937988,
  "chunk_size": 5000.0,
  "total_visits": 58515,
  "mean_visits_per_patient": 29.2575,
  "patient_count": 2000
}