{
  "total_patients": 50000,
  "total_injections": 846473.0,
  "mean_final_vision": 30.01726,
  "std_final_vision": 16.28932131588602,
  "discontinuation_rate": 0.80582,
  "write_time_seconds": 23.00171709060669,
  "chunk_size": 5000.0,
  "total_visits": 1251291,
  "mean_visits_per_patient": 25.02582,
  "patient_count": 50000
}