{
  "total_patients": 10000,
  "total_injections": 226741.0,
  "mean_final_vision": 42.229,
  "std_final_vision": 15.973605560657266,
  "discontinuation_rate": 0.6976,
  "write_time_seconds": 2.301234245300293,
  "chunk_size": 5000.0,
  "total_visits": 430352,
  "mean_visits_per_patient": 43.0352,
  "patient_count": 10000
}