{
  "total_patients": 1990,
  "total_injections": 22850.0,
  "mean_final_vision": 41.303015075376884,
  "std_final_vision": 18.988952914394513,
  "discontinuation_rate": 0.350251256281407,
  "write_time_seconds": 0.09176898002624512,
  "chunk_size": 5000.0,
  "total_visits": 32043,
  "mean_visits_per_patient": 16.102010050251256,
  "patient_count": 1990
}