{
  "total_patients": 500,
  "total_injections": 4658.0,
  "mean_final_vision": 59.968,
  "std_final_vision": 13.669260160911906,
  "discontinuation_rate": 0.016,
  "write_time_seconds": 0.024155139923095703,
  "chunk_size": 5000.0,
  "total_visits": 7480,
  "mean_visits_per_patient": 14.96,
  "patient_count": 500
}