{
  "total_patients": 5214,
  "total_injections": 60584.0,
  "mean_final_vision": 41.901611047180666,
  "std_final_vision": 18.69104531172727,
  "discontinuation_rate": 0.3306482546988876,
  "write_time_seconds": 2.4140961170196533,
  "chunk_size": 5000.0,
  "total_visits": 84855,
  "mean_visits_per_patient": 16.27445339470656,
  "patient_count": 5214
}