{
  "total_patients": 200,
  "total_injections": 1460.0,
  "mean_final_vision": 61.745,
  "std_final_vision": 14.02366897275055,
  "discontinuation_rate": 0.015,
  "write_time_seconds": 0.009861946105957031,
  "chunk_size": 5000.0,
  "total_visits": 2405,
  "mean_visits_per_patient": 12.025,
  "patient_count": 200
}