{
  "step_times": {
    "data_prep": 0.003984957933425903,
    "patient_profiles": 0.004249415942467749,
    "categorize": 0.0006334169302135706,
    "visit_contributions": 0.0007730419747531414,
    "summary_stats": 0.000519416993483901,
    "data_assembly": 1.2920936569571495e-06
  },
  "viz_times": {
    "dual_bar": 0.22226579207926989,
    "dual_bar_size": 5.04296875,
    "pyramid": 0.011204667040146887,
    "pyramid_size": 4.744140625,
    "bubble": 0.013854207936674356,
    "bubble_size": 5.0634765625
  },
  "scaling": {
    "patients": {
      "0": 100,
      "1": 500,
      "2": 1000,
      "3": 2500,
      "4": 5000,
      "5": 10000,
      "6": 25000
    },
    "visits": {
      "0": 960,
      "1": 5007,
      "2": 9895,
      "3": 24899,
      "4": 49929,
      "5": 99888,
      "6": 250330
    },
    "analysis_time": {
      "0": 0.0041002079378813505,
      "1": 0.004285042057745159,
      "2": 0.005380459013395011,
      "3": 0.008741834084503353,
      "4": 0.01633829204365611,
      "5": 0.029924207949079573,
      "6": 0.07352695905137807
    },
    "viz_time": {
      "0": 0.010245166020467877,
      "1": 0.009901791927404702,
      "2": 0.009961958043277264,
      "3": 0.01015962497331202,
      "4": 0.010085249901749194,
      "5": 0.010253416956402361,
      "6": 0.010043542017228901
    },
    "total_time": {
      "0": 0.014345749979838729,
      "1": 0.014187166932970285,
      "2": 0.015342667000368237,
      "3": 0.01890174997970462,
      "4": 0.026423832983709872,
      "5": 0.040177791961468756,
      "6": 0.083570666029118
    },
    "categories": {
      "0": 2,
      "1": 2,
      "2": 4,
      "3": 4,
      "4": 4,
      "5": 4,
      "6": 4
    }
  },
  "summary": {
    "total_analysis_time": 0.010161541868001223,
    "analysis_percentage": 3.9464412134775237,
    "viz_percentage": 96.05355878652247
  }
}