{
  "total_patients": 10000,
  "total_injections": 223830.0,
  "mean_final_vision": 42.5452,
  "std_final_vision": 16.078980388103968,
  "discontinuation_rate": 0.6898,
  "write_time_seconds": 6.22131872177124,
  "chunk_size": 5000.0,
  "total_visits": 428740,
  "mean_visits_per_patient": 42.874,
  "patient_count": 10000
}