{
  "total_patients": 1000,
  "total_injections": 9114.0,
  "mean_final_vision": 59.632,
  "std_final_vision": 14.66661807253757,
  "discontinuation_rate": 0.03,
  "write_time_seconds": 0.04302024841308594,
  "chunk_size": 5000.0,
  "total_visits": 14797,
  "mean_visits_per_patient": 14.797,
  "patient_count": 1000
}