{
  "total_patients": 10000,
  "total_injections": 222523.0,
  "mean_final_vision": 42.7093,
  "std_final_vision": 16.03987285679429,
  "discontinuation_rate": 0.695,
  "write_time_seconds": 10.830166101455688,
  "chunk_size": 5000.0,
  "total_visits": 426720,
  "mean_visits_per_patient": 42.672,
  "patient_count": 10000
}