{
  "gap_categories": {
    "regular_treatment": {
      "interval_range": [
        0,
        90
      ],
      "mean_interval": 56.162642721217885,
      "mean_va_change_per_interval": 0.614117507136061,
      "annual_va_change": 3.99113857973743,
      "sample_size": 16816
    },
    "short_unplanned_gap": {
      "interval_range": [
        90,
        180
      ],
      "mean_interval": 113.04146208401528,
      "mean_va_loss": 1.7812329514457175,
      "recovery_potential": 1.0336787564766838,
      "net_impact": -5.94559585492228,
      "sample_size": 1833
    },
    "long_unplanned_gap": {
      "interval_range": [
        180,
        365
      ],
      "mean_interval": 252.48008385744234,
      "mean_va_loss": 6.832285115303983,
      "recovery_potential": 2.0375586854460095,
      "net_impact": -8.112676056338028,
      "sample_size": 477
    },
    "effective_discontinuation": {
      "interval_range": [
        365,
        800
      ],
      "mean_interval": 677.4921135646688,
      "mean_va_loss": 11.504731861198739,
      "recovery_potential": 1.721311475409836,
      "net_impact": -11.819672131147541,
      "sample_size": 317
    }
  },
  "time_dependent_risk": {
    "0-3 months": {
      "mean_va_loss": -0.6149219959509349,
      "median_va_loss": -0.0,
      "percent_losing_5_letters": 18.8281529117542,
      "percent_losing_10_letters": 6.287959985709183,
      "percent_losing_15_letters": 2.4889841610098844,
      "sample_size": 16794
    },
    "3-6 months": {
      "mean_va_loss": 1.7812329514457175,
      "median_va_loss": 1.0,
      "percent_losing_5_letters": 29.89634478996181,
      "percent_losing_10_letters": 15.002727768685215,
      "percent_losing_15_letters": 6.983087834151664,
      "sample_size": 1833
    },
    "6-12 months": {
      "mean_va_loss": 6.832285115303983,
      "median_va_loss": 5.0,
      "percent_losing_5_letters": 51.78197064989518,
      "percent_losing_10_letters": 33.542976939203356,
      "percent_losing_15_letters": 22.0125786163522,
      "sample_size": 477
    },
    "1-2 years": {
      "mean_va_loss": 10.922413793103448,
      "median_va_loss": 9.0,
      "percent_losing_5_letters": 64.22413793103449,
      "percent_losing_10_letters": 47.8448275862069,
      "percent_losing_15_letters": 38.362068965517246,
      "sample_size": 232
    },
    "2+ years": {
      "mean_va_loss": 13.094117647058823,
      "median_va_loss": 8.0,
      "percent_losing_5_letters": 61.1764705882353,
      "percent_losing_10_letters": 49.411764705882355,
      "percent_losing_15_letters": 40.0,
      "sample_size": 85
    }
  },
  "key_findings": {
    "covid_gap_prevalence": 11.88088257984879,
    "mean_va_loss_per_month_untreated": 0.8118206803783017,
    "recovery_rate_after_short_gap": 50.51813471502591,
    "recovery_rate_after_long_gap": 55.39906103286385
  }
}