{
  "category_results": {
    "excellent_va_stop": {
      "count": 89,
      "mean_va_at_stop": 76.29213483146067,
      "mean_interval_after": 468.30337078651684,
      "mean_va_change": -12.626506024096386,
      "percent_losing_5_letters": 65.06024096385542,
      "percent_losing_10_letters": 42.168674698795186,
      "percent_losing_15_letters": 27.710843373493976
    },
    "one_year_course_complete": {
      "count": 40,
      "mean_va_at_stop": 63.75,
      "mean_interval_after": 507.2,
      "mean_va_change": -14.222222222222221,
      "percent_losing_5_letters": 66.66666666666666,
      "percent_losing_10_letters": 52.77777777777778,
      "percent_losing_15_letters": 47.22222222222222
    },
    "early_good_enough": {
      "count": 52,
      "mean_va_at_stop": 63.59615384615385,
      "mean_interval_after": 417.4807692307692,
      "mean_va_change": -7.333333333333333,
      "percent_losing_5_letters": 55.55555555555556,
      "percent_losing_10_letters": 40.0,
      "percent_losing_15_letters": 22.22222222222222
    },
    "other_reasoning": {
      "count": 57,
      "mean_va_at_stop": 52.771929824561404,
      "mean_interval_after": 319.29824561403507,
      "mean_va_change": -6.553191489361702,
      "percent_losing_5_letters": 48.93617021276596,
      "percent_losing_10_letters": 42.5531914893617,
      "percent_losing_15_letters": 29.78723404255319
    },
    "plateau_reasoning": {
      "count": 44,
      "mean_va_at_stop": 43.72727272727273,
      "mean_interval_after": 369.1136363636364,
      "mean_va_change": -6.833333333333333,
      "percent_losing_5_letters": 64.28571428571429,
      "percent_losing_10_letters": 40.476190476190474,
      "percent_losing_15_letters": 26.190476190476193
    }
  },
  "restart_patterns": {
    "restarted": 269,
    "never_returned": 13,
    "restart_rate_percent": 95.39007092198581,
    "mean_va_at_restart": 55.32421875,
    "mean_time_to_restart_days": 91.80859375,
    "mean_va_loss_before_restart": -7.4921875
  },
  "clinical_guidance": {
    "total_inappropriate_stops": 282,
    "clinical_error_patterns": {
      "excellent_va_stop": {
        "description": "Stopped because VA >70 letters ('too good to need treatment')",
        "frequency": 89,
        "mean_va_loss": -12.626506024096386,
        "key_message": "AMD requires ongoing treatment regardless of good vision"
      },
      "one_year_course_complete": {
        "description": "Stopped at ~1 year thinking 'course complete'",
        "frequency": 40,
        "mean_va_loss": -14.222222222222221,
        "key_message": "AMD is chronic - there is no 'course completion'"
      },
      "early_good_enough": {
        "description": "Stopped early with VA 50-70 letters ('good enough')",
        "frequency": 52,
        "mean_va_loss": -7.333333333333333,
        "key_message": "Stopping at 'good enough' vision leads to preventable loss"
      },
      "plateau_reasoning": {
        "description": "Stopped with moderate VA thinking 'plateau reached'",
        "frequency": 44,
        "mean_va_loss": -6.833333333333333,
        "key_message": "Plateaus require maintenance, not discontinuation"
      }
    },
    "patient_outcomes": {
      "restart_rate_percent": 95.39007092198581,
      "never_returned_percent": 4.60992907801419,
      "mean_va_loss_before_restart": -7.4921875,
      "median_days_to_restart": 62.0
    }
  }
}