{
  "total_intervals": 21727,
  "intervals_over_365": 370,
  "intervals_over_natural": 82,
  "percent_over_365": 1.7029502462374007,
  "percent_over_natural": 0.37741059511207253,
  "natural_threshold": 800
}