{
  "total_patients": 51,
  "total_injections": 335.0,
  "mean_final_vision": 62.80392156862745,
  "std_final_vision": 8.768168811885722,
  "discontinuation_rate": 0.0,
  "write_time_seconds": 0.004470109939575195,
  "chunk_size": 5000.0,
  "total_visits": 470,
  "mean_visits_per_patient": 9.215686274509803,
  "patient_count": 51
}