{
  "total_patients": 191,
  "total_injections": 4205.0,
  "mean_final_vision": 44.303664921465966,
  "std_final_vision": 16.324728970838752,
  "discontinuation_rate": 0.7015706806282722,
  "write_time_seconds": 0.02472400665283203,
  "chunk_size": 5000.0,
  "total_visits": 8146,
  "mean_visits_per_patient": 42.64921465968586,
  "patient_count": 191
}