{
  "total_patients": 2400,
  "total_injections": 40429.0,
  "mean_final_vision": 30.24875,
  "std_final_vision": 16.305320702831203,
  "discontinuation_rate": 0.8141666666666667,
  "write_time_seconds": 0.23362278938293457,
  "chunk_size": 5000.0,
  "total_visits": 59378,
  "mean_visits_per_patient": 24.740833333333335,
  "patient_count": 2400
}