{
  "total_patients": 12,
  "total_injections": 100.0,
  "mean_final_vision": 62.916666666666664,
  "std_final_vision": 7.166314297186567,
  "discontinuation_rate": 0.0,
  "write_time_seconds": 0.004032135009765625,
  "chunk_size": 5000.0,
  "total_visits": 130,
  "mean_visits_per_patient": 10.833333333333334,
  "patient_count": 12
}