{
  "total_patients": 10000,
  "total_injections": 226717.0,
  "mean_final_vision": 42.6132,
  "std_final_vision": 16.00381198214338,
  "discontinuation_rate": 0.684,
  "write_time_seconds": 2.604033946990967,
  "chunk_size": 5000.0,
  "total_visits": 432896,
  "mean_visits_per_patient": 43.2896,
  "patient_count": 10000
}