{
  "total_patients": 1000,
  "total_injections": 5853.0,
  "mean_final_vision": 62.927,
  "std_final_vision": 12.505921360262468,
  "discontinuation_rate": 0.009,
  "write_time_seconds": 0.05236697196960449,
  "chunk_size": 5000.0,
  "total_visits": 8816,
  "mean_visits_per_patient": 8.816,
  "patient_count": 1000
}